"Direction","Year","Date","Weekday","Country","Commodity","Transport_Mode","Measure","Value","Cumulative"
"Reimports","2018","01/01/2018","Monday","All","All","All","$","0","0"
"Reimports","2018","02/01/2018","Tuesday","All","All","All","$","0","0"
"Reimports","2018","03/01/2018","Wednesday","All","All","All","$","0","0"
"Reimports","2018","04/01/2018","Thursday","All","All","All","$","0","0"
"Reimports","2018","05/01/2018","Friday","All","All","All","$","0","1000000"
"Reimports","2018","06/01/2018","Saturday","All","All","All","$","0","1000000"
"Reimports","2018","07/01/2018","Sunday","All","All","All","$","0","1000000"
"Reimports","2018","09/01/2018","Tuesday","All","All","All","$","0","2000000"
"Reimports","2018","10/01/2018","Wednesday","All","All","All","$","0","2000000"
"Reimports","2018","12/01/2018","Friday","All","All","All","$","0","3000000"
"Reimports","2018","13/01/2018","Saturday","All","All","All","$","0","3000000"
"Reimports","2018","14/01/2018","Sunday","All","All","All","$","0","3000000"
"Reimports","2018","15/01/2018","Monday","All","All","All","$","0","3000000"
"Reimports","2018","19/01/2018","Friday","All","All","All","$","0","9000000"
"Reimports","2018","20/01/2018","Saturday","All","All","All","$","0","9000000"
"Reimports","2018","21/01/2018","Sunday","All","All","All","$","0","9000000"
"Reimports","2018","22/01/2018","Monday","All","All","All","$","0","9000000"
"Reimports","2018","25/01/2018","Thursday","All","All","All","$","0","11000000"
"Reimports","2018","27/01/2018","Saturday","All","All","All","$","0","13000000"
"Reimports","2018","28/01/2018","Sunday","All","All","All","$","0","13000000"
"Reimports","2018","30/01/2018","Tuesday","All","All","All","$","0","13000000"
"Reimports","2018","31/01/2018","Wednesday","All","All","All","$","0","14000000"
"Reimports","2018","03/02/2018","Saturday","All","All","All","$","0","15000000"
"Reimports","2018","04/02/2018","Sunday","All","All","All","$","0","15000000"
"Reimports","2018","06/02/2018","Tuesday","All","All","All","$","0","16000000"
"Reimports","2018","08/02/2018","Thursday","All","All","All","$","0","17000000"
"Reimports","2018","09/02/2018","Friday","All","All","All","$","0","18000000"
"Reimports","2018","10/02/2018","Saturday","All","All","All","$","0","18000000"
"Reimports","2018","11/02/2018","Sunday","All","All","All","$","0","18000000"
"Reimports","2018","14/02/2018","Wednesday","All","All","All","$","0","20000000"
"Reimports","2018","17/02/2018","Saturday","All","All","All","$","0","22000000"
"Reimports","2018","18/02/2018","Sunday","All","All","All","$","0","22000000"
"Reimports","2018","19/02/2018","Monday","All","All","All","$","0","23000000"
"Reimports","2018","21/02/2018","Wednesday","All","All","All","$","0","24000000"
"Reimports","2018","24/02/2018","Saturday","All","All","All","$","0","25000000"
"Reimports","2018","25/02/2018","Sunday","All","All","All","$","0","26000000"
"Reimports","2018","28/02/2018","Wednesday","All","All","All","$","0","28000000"
"Reimports","2018","03/03/2018","Saturday","All","All","All","$","0","30000000"
"Reimports","2018","04/03/2018","Sunday","All","All","All","$","0","30000000"
"Reimports","2018","06/03/2018","Tuesday","All","All","All","$","0","31000000"
"Reimports","2018","10/03/2018","Saturday","All","All","All","$","0","34000000"
"Reimports","2018","11/03/2018","Sunday","All","All","All","$","0","34000000"
"Reimports","2018","13/03/2018","Tuesday","All","All","All","$","0","36000000"
"Reimports","2018","14/03/2018","Wednesday","All","All","All","$","0","36000000"
"Reimports","2018","15/03/2018","Thursday","All","All","All","$","0","37000000"
"Reimports","2018","16/03/2018","Friday","All","All","All","$","0","37000000"
"Reimports","2018","17/03/2018","Saturday","All","All","All","$","0","37000000"
"Reimports","2018","18/03/2018","Sunday","All","All","All","$","0","37000000"
"Reimports","2018","19/03/2018","Monday","All","All","All","$","0","37000000"
"Reimports","2018","22/03/2018","Thursday","All","All","All","$","0","39000000"
"Reimports","2018","23/03/2018","Friday","All","All","All","$","0","39000000"
"Reimports","2018","24/03/2018","Saturday","All","All","All","$","0","39000000"
"Reimports","2018","25/03/2018","Sunday","All","All","All","$","0","39000000"
"Reimports","2018","26/03/2018","Monday","All","All","All","$","0","40000000"
"Reimports","2018","27/03/2018","Tuesday","All","All","All","$","0","40000000"
"Reimports","2018","30/03/2018","Friday","All","All","All","$","0","42000000"
"Reimports","2018","31/03/2018","Saturday","All","All","All","$","0","42000000"
"Reimports","2018","01/04/2018","Sunday","All","All","All","$","0","42000000"
"Reimports","2018","02/04/2018","Monday","All","All","All","$","0","42000000"
"Reimports","2018","04/04/2018","Wednesday","All","All","All","$","0","43000000"
"Reimports","2018","06/04/2018","Friday","All","All","All","$","0","45000000"
"Reimports","2018","07/04/2018","Saturday","All","All","All","$","0","45000000"
"Reimports","2018","08/04/2018","Sunday","All","All","All","$","0","45000000"
"Reimports","2018","10/04/2018","Tuesday","All","All","All","$","0","47000000"
"Reimports","2018","14/04/2018","Saturday","All","All","All","$","0","49000000"
"Reimports","2018","15/04/2018","Sunday","All","All","All","$","0","49000000"
"Reimports","2018","21/04/2018","Saturday","All","All","All","$","0","64000000"
"Reimports","2018","22/04/2018","Sunday","All","All","All","$","0","64000000"
"Reimports","2018","25/04/2018","Wednesday","All","All","All","$","0","66000000"
"Reimports","2018","27/04/2018","Friday","All","All","All","$","0","67000000"
"Reimports","2018","28/04/2018","Saturday","All","All","All","$","0","67000000"
"Reimports","2018","29/04/2018","Sunday","All","All","All","$","0","67000000"
"Reimports","2018","30/04/2018","Monday","All","All","All","$","0","67000000"
"Reimports","2018","04/05/2018","Friday","All","All","All","$","0","71000000"
"Reimports","2018","05/05/2018","Saturday","All","All","All","$","0","71000000"
"Reimports","2018","06/05/2018","Sunday","All","All","All","$","0","71000000"
"Reimports","2018","08/05/2018","Tuesday","All","All","All","$","0","73000000"
"Reimports","2018","12/05/2018","Saturday","All","All","All","$","0","75000000"
"Reimports","2018","13/05/2018","Sunday","All","All","All","$","0","75000000"
"Reimports","2018","19/05/2018","Saturday","All","All","All","$","0","83000000"
"Reimports","2018","20/05/2018","Sunday","All","All","All","$","0","83000000"
"Reimports","2018","22/05/2018","Tuesday","All","All","All","$","0","84000000"
"Reimports","2018","24/05/2018","Thursday","All","All","All","$","0","85000000"
"Reimports","2018","26/05/2018","Saturday","All","All","All","$","0","86000000"
"Reimports","2018","27/05/2018","Sunday","All","All","All","$","0","86000000"
"Reimports","2018","28/05/2018","Monday","All","All","All","$","0","87000000"
"Reimports","2018","29/05/2018","Tuesday","All","All","All","$","0","87000000"
"Reimports","2018","31/05/2018","Thursday","All","All","All","$","0","88000000"
"Reimports","2018","02/06/2018","Saturday","All","All","All","$","0","89000000"
"Reimports","2018","03/06/2018","Sunday","All","All","All","$","0","89000000"
"Reimports","2018","04/06/2018","Monday","All","All","All","$","0","89000000"
"Reimports","2018","06/06/2018","Wednesday","All","All","All","$","0","92000000"
"Reimports","2018","07/06/2018","Thursday","All","All","All","$","0","92000000"
"Reimports","2018","09/06/2018","Saturday","All","All","All","$","0","93000000"
"Reimports","2018","10/06/2018","Sunday","All","All","All","$","0","93000000"
"Reimports","2018","11/06/2018","Monday","All","All","All","$","0","93000000"
"Reimports","2018","15/06/2018","Friday","All","All","All","$","0","96000000"
"Reimports","2018","16/06/2018","Saturday","All","All","All","$","0","96000000"
"Reimports","2018","17/06/2018","Sunday","All","All","All","$","0","96000000"
"Reimports","2018","18/06/2018","Monday","All","All","All","$","0","97000000"
"Reimports","2018","21/06/2018","Thursday","All","All","All","$","0","98000000"
"Reimports","2018","23/06/2018","Saturday","All","All","All","$","0","99000000"
"Reimports","2018","24/06/2018","Sunday","All","All","All","$","0","99000000"
"Reimports","2018","25/06/2018","Monday","All","All","All","$","0","100000000"
"Reimports","2018","27/06/2018","Wednesday","All","All","All","$","0","100000000"
"Reimports","2018","28/06/2018","Thursday","All","All","All","$","0","101000000"
"Reimports","2018","29/06/2018","Friday","All","All","All","$","0","101000000"
"Reimports","2018","30/06/2018","Saturday","All","All","All","$","0","101000000"
"Reimports","2018","01/07/2018","Sunday","All","All","All","$","0","101000000"
"Reimports","2018","06/07/2018","Friday","All","All","All","$","0","105000000"
"Reimports","2018","07/07/2018","Saturday","All","All","All","$","0","106000000"
"Reimports","2018","08/07/2018","Sunday","All","All","All","$","0","106000000"
"Reimports","2018","09/07/2018","Monday","All","All","All","$","0","106000000"
"Reimports","2018","12/07/2018","Thursday","All","All","All","$","0","108000000"
"Reimports","2018","14/07/2018","Saturday","All","All","All","$","0","109000000"
"Reimports","2018","15/07/2018","Sunday","All","All","All","$","0","109000000"
"Reimports","2018","19/07/2018","Thursday","All","All","All","$","0","112000000"
"Reimports","2018","20/07/2018","Friday","All","All","All","$","0","112000000"
"Reimports","2018","21/07/2018","Saturday","All","All","All","$","0","112000000"
"Reimports","2018","22/07/2018","Sunday","All","All","All","$","0","112000000"
"Reimports","2018","23/07/2018","Monday","All","All","All","$","0","112000000"
"Reimports","2018","24/07/2018","Tuesday","All","All","All","$","0","113000000"
"Reimports","2018","25/07/2018","Wednesday","All","All","All","$","0","113000000"
"Reimports","2018","26/07/2018","Thursday","All","All","All","$","0","113000000"
"Reimports","2018","28/07/2018","Saturday","All","All","All","$","0","114000000"
"Reimports","2018","29/07/2018","Sunday","All","All","All","$","0","114000000"
"Reimports","2018","31/07/2018","Tuesday","All","All","All","$","0","116000000"
"Reimports","2018","01/08/2018","Wednesday","All","All","All","$","0","116000000"
"Reimports","2018","04/08/2018","Saturday","All","All","All","$","0","118000000"
"Reimports","2018","05/08/2018","Sunday","All","All","All","$","0","118000000"
"Reimports","2018","07/08/2018","Tuesday","All","All","All","$","0","120000000"
"Reimports","2018","08/08/2018","Wednesday","All","All","All","$","0","121000000"
"Reimports","2018","09/08/2018","Thursday","All","All","All","$","0","121000000"
"Reimports","2018","11/08/2018","Saturday","All","All","All","$","0","122000000"
"Reimports","2018","12/08/2018","Sunday","All","All","All","$","0","122000000"
"Reimports","2018","15/08/2018","Wednesday","All","All","All","$","0","124000000"
"Reimports","2018","16/08/2018","Thursday","All","All","All","$","0","124000000"
"Reimports","2018","18/08/2018","Saturday","All","All","All","$","0","125000000"
"Reimports","2018","19/08/2018","Sunday","All","All","All","$","0","125000000"
"Reimports","2018","25/08/2018","Saturday","All","All","All","$","0","129000000"
"Reimports","2018","26/08/2018","Sunday","All","All","All","$","0","129000000"
"Reimports","2018","27/08/2018","Monday","All","All","All","$","0","130000000"
"Reimports","2018","30/08/2018","Thursday","All","All","All","$","0","132000000"
"Reimports","2018","31/08/2018","Friday","All","All","All","$","0","132000000"
"Reimports","2018","02/09/2018","Sunday","All","All","All","$","0","133000000"
"Reimports","2018","03/09/2018","Monday","All","All","All","$","0","133000000"
"Reimports","2018","08/09/2018","Saturday","All","All","All","$","0","136000000"
"Reimports","2018","09/09/2018","Sunday","All","All","All","$","0","137000000"
"Reimports","2018","10/09/2018","Monday","All","All","All","$","0","137000000"
"Reimports","2018","11/09/2018","Tuesday","All","All","All","$","0","137000000"
"Reimports","2018","12/09/2018","Wednesday","All","All","All","$","0","138000000"
"Reimports","2018","15/09/2018","Saturday","All","All","All","$","0","141000000"
"Reimports","2018","16/09/2018","Sunday","All","All","All","$","0","141000000"
"Reimports","2018","17/09/2018","Monday","All","All","All","$","0","141000000"
"Reimports","2018","19/09/2018","Wednesday","All","All","All","$","0","142000000"
"Reimports","2018","20/09/2018","Thursday","All","All","All","$","0","142000000"
"Reimports","2018","22/09/2018","Saturday","All","All","All","$","0","143000000"
"Reimports","2018","23/09/2018","Sunday","All","All","All","$","0","143000000"
"Reimports","2018","25/09/2018","Tuesday","All","All","All","$","0","144000000"
"Reimports","2018","27/09/2018","Thursday","All","All","All","$","0","146000000"
"Reimports","2018","28/09/2018","Friday","All","All","All","$","0","146000000"
"Reimports","2018","29/09/2018","Saturday","All","All","All","$","0","147000000"
"Reimports","2018","30/09/2018","Sunday","All","All","All","$","0","147000000"
"Reimports","2018","02/10/2018","Tuesday","All","All","All","$","0","148000000"
"Reimports","2018","05/10/2018","Friday","All","All","All","$","0","152000000"
"Reimports","2018","06/10/2018","Saturday","All","All","All","$","0","152000000"
"Reimports","2018","07/10/2018","Sunday","All","All","All","$","0","152000000"
"Reimports","2018","08/10/2018","Monday","All","All","All","$","0","152000000"
"Reimports","2018","11/10/2018","Thursday","All","All","All","$","0","154000000"
"Reimports","2018","12/10/2018","Friday","All","All","All","$","0","154000000"
"Reimports","2018","13/10/2018","Saturday","All","All","All","$","0","154000000"
"Reimports","2018","14/10/2018","Sunday","All","All","All","$","0","154000000"
"Reimports","2018","15/10/2018","Monday","All","All","All","$","0","155000000"
"Reimports","2018","16/10/2018","Tuesday","All","All","All","$","0","155000000"
"Reimports","2018","18/10/2018","Thursday","All","All","All","$","0","156000000"
"Reimports","2018","19/10/2018","Friday","All","All","All","$","0","157000000"
"Reimports","2018","20/10/2018","Saturday","All","All","All","$","0","157000000"
"Reimports","2018","21/10/2018","Sunday","All","All","All","$","0","157000000"
"Reimports","2018","22/10/2018","Monday","All","All","All","$","0","157000000"
"Reimports","2018","23/10/2018","Tuesday","All","All","All","$","0","157000000"
"Reimports","2018","25/10/2018","Thursday","All","All","All","$","0","159000000"
"Reimports","2018","26/10/2018","Friday","All","All","All","$","0","159000000"
"Reimports","2018","27/10/2018","Saturday","All","All","All","$","0","159000000"
"Reimports","2018","28/10/2018","Sunday","All","All","All","$","0","160000000"
"Reimports","2018","01/11/2018","Thursday","All","All","All","$","0","164000000"
"Reimports","2018","03/11/2018","Saturday","All","All","All","$","0","165000000"
"Reimports","2018","04/11/2018","Sunday","All","All","All","$","0","165000000"
"Reimports","2018","07/11/2018","Wednesday","All","All","All","$","0","166000000"
"Reimports","2018","09/11/2018","Friday","All","All","All","$","0","168000000"
"Reimports","2018","10/11/2018","Saturday","All","All","All","$","0","168000000"
"Reimports","2018","11/11/2018","Sunday","All","All","All","$","0","168000000"
"Reimports","2018","13/11/2018","Tuesday","All","All","All","$","0","169000000"
"Reimports","2018","17/11/2018","Saturday","All","All","All","$","0","172000000"
"Reimports","2018","18/11/2018","Sunday","All","All","All","$","0","172000000"
"Reimports","2018","20/11/2018","Tuesday","All","All","All","$","0","173000000"
"Reimports","2018","21/11/2018","Wednesday","All","All","All","$","0","173000000"
"Reimports","2018","24/11/2018","Saturday","All","All","All","$","0","175000000"
"Reimports","2018","25/11/2018","Sunday","All","All","All","$","0","175000000"
"Reimports","2018","29/11/2018","Thursday","All","All","All","$","0","180000000"
"Reimports","2018","30/11/2018","Friday","All","All","All","$","0","180000000"
"Reimports","2018","01/12/2018","Saturday","All","All","All","$","0","180000000"
"Reimports","2018","02/12/2018","Sunday","All","All","All","$","0","180000000"
"Reimports","2018","07/12/2018","Friday","All","All","All","$","0","185000000"
"Reimports","2018","09/12/2018","Sunday","All","All","All","$","0","187000000"
"Reimports","2018","11/12/2018","Tuesday","All","All","All","$","0","188000000"
"Reimports","2018","12/12/2018","Wednesday","All","All","All","$","0","188000000"
"Reimports","2018","14/12/2018","Friday","All","All","All","$","0","190000000"
"Reimports","2018","16/12/2018","Sunday","All","All","All","$","0","191000000"
"Reimports","2018","17/12/2018","Monday","All","All","All","$","0","191000000"
"Reimports","2018","21/12/2018","Friday","All","All","All","$","0","195000000"
"Reimports","2018","22/12/2018","Saturday","All","All","All","$","0","195000000"
"Reimports","2018","23/12/2018","Sunday","All","All","All","$","0","195000000"
"Reimports","2018","26/12/2018","Wednesday","All","All","All","$","0","196000000"
"Reimports","2018","27/12/2018","Thursday","All","All","All","$","0","196000000"
"Reimports","2018","29/12/2018","Saturday","All","All","All","$","0","197000000"
"Reimports","2018","30/12/2018","Sunday","All","All","All","$","0","197000000"
"Reimports","2018","31/12/2018","Monday","All","All","All","$","0","197000000"
"Reimports","2018","08/01/2018","Monday","All","All","All","$","1000000","2000000"
"Reimports","2018","11/01/2018","Thursday","All","All","All","$","1000000","3000000"
"Reimports","2018","16/01/2018","Tuesday","All","All","All","$","1000000","4000000"
"Reimports","2018","23/01/2018","Tuesday","All","All","All","$","1000000","10000000"
"Reimports","2018","24/01/2018","Wednesday","All","All","All","$","1000000","11000000"
"Reimports","2018","26/01/2018","Friday","All","All","All","$","1000000","12000000"
"Reimports","2018","29/01/2018","Monday","All","All","All","$","1000000","13000000"
"Reimports","2018","01/02/2018","Thursday","All","All","All","$","1000000","15000000"
"Reimports","2018","02/02/2018","Friday","All","All","All","$","1000000","15000000"
"Reimports","2018","05/02/2018","Monday","All","All","All","$","1000000","16000000"
"Reimports","2018","07/02/2018","Wednesday","All","All","All","$","1000000","17000000"
"Reimports","2018","12/02/2018","Monday","All","All","All","$","1000000","19000000"
"Reimports","2018","13/02/2018","Tuesday","All","All","All","$","1000000","20000000"
"Reimports","2018","15/02/2018","Thursday","All","All","All","$","1000000","21000000"
"Reimports","2018","16/02/2018","Friday","All","All","All","$","1000000","22000000"
"Reimports","2018","20/02/2018","Tuesday","All","All","All","$","1000000","23000000"
"Reimports","2018","22/02/2018","Thursday","All","All","All","$","1000000","24000000"
"Reimports","2018","23/02/2018","Friday","All","All","All","$","1000000","25000000"
"Reimports","2018","26/02/2018","Monday","All","All","All","$","1000000","26000000"
"Reimports","2018","27/02/2018","Tuesday","All","All","All","$","1000000","28000000"
"Reimports","2018","02/03/2018","Friday","All","All","All","$","1000000","30000000"
"Reimports","2018","05/03/2018","Monday","All","All","All","$","1000000","31000000"
"Reimports","2018","07/03/2018","Wednesday","All","All","All","$","1000000","32000000"
"Reimports","2018","08/03/2018","Thursday","All","All","All","$","1000000","33000000"
"Reimports","2018","09/03/2018","Friday","All","All","All","$","1000000","34000000"
"Reimports","2018","12/03/2018","Monday","All","All","All","$","1000000","36000000"
"Reimports","2018","20/03/2018","Tuesday","All","All","All","$","1000000","38000000"
"Reimports","2018","21/03/2018","Wednesday","All","All","All","$","1000000","39000000"
"Reimports","2018","28/03/2018","Wednesday","All","All","All","$","1000000","41000000"
"Reimports","2018","03/04/2018","Tuesday","All","All","All","$","1000000","43000000"
"Reimports","2018","05/04/2018","Thursday","All","All","All","$","1000000","45000000"
"Reimports","2018","11/04/2018","Wednesday","All","All","All","$","1000000","47000000"
"Reimports","2018","12/04/2018","Thursday","All","All","All","$","1000000","49000000"
"Reimports","2018","13/04/2018","Friday","All","All","All","$","1000000","49000000"
"Reimports","2018","16/04/2018","Monday","All","All","All","$","1000000","50000000"
"Reimports","2018","17/04/2018","Tuesday","All","All","All","$","1000000","51000000"
"Reimports","2018","19/04/2018","Thursday","All","All","All","$","1000000","53000000"
"Reimports","2018","23/04/2018","Monday","All","All","All","$","1000000","65000000"
"Reimports","2018","24/04/2018","Tuesday","All","All","All","$","1000000","66000000"
"Reimports","2018","26/04/2018","Thursday","All","All","All","$","1000000","67000000"
"Reimports","2018","02/05/2018","Wednesday","All","All","All","$","1000000","70000000"
"Reimports","2018","03/05/2018","Thursday","All","All","All","$","1000000","71000000"
"Reimports","2018","07/05/2018","Monday","All","All","All","$","1000000","72000000"
"Reimports","2018","09/05/2018","Wednesday","All","All","All","$","1000000","73000000"
"Reimports","2018","10/05/2018","Thursday","All","All","All","$","1000000","74000000"
"Reimports","2018","11/05/2018","Friday","All","All","All","$","1000000","75000000"
"Reimports","2018","15/05/2018","Tuesday","All","All","All","$","1000000","79000000"
"Reimports","2018","16/05/2018","Wednesday","All","All","All","$","1000000","80000000"
"Reimports","2018","18/05/2018","Friday","All","All","All","$","1000000","83000000"
"Reimports","2018","21/05/2018","Monday","All","All","All","$","1000000","83000000"
"Reimports","2018","23/05/2018","Wednesday","All","All","All","$","1000000","85000000"
"Reimports","2018","25/05/2018","Friday","All","All","All","$","1000000","86000000"
"Reimports","2018","30/05/2018","Wednesday","All","All","All","$","1000000","88000000"
"Reimports","2018","01/06/2018","Friday","All","All","All","$","1000000","89000000"
"Reimports","2018","08/06/2018","Friday","All","All","All","$","1000000","93000000"
"Reimports","2018","12/06/2018","Tuesday","All","All","All","$","1000000","94000000"
"Reimports","2018","13/06/2018","Wednesday","All","All","All","$","1000000","95000000"
"Reimports","2018","14/06/2018","Thursday","All","All","All","$","1000000","96000000"
"Reimports","2018","19/06/2018","Tuesday","All","All","All","$","1000000","97000000"
"Reimports","2018","20/06/2018","Wednesday","All","All","All","$","1000000","98000000"
"Reimports","2018","22/06/2018","Friday","All","All","All","$","1000000","99000000"
"Reimports","2018","26/06/2018","Tuesday","All","All","All","$","1000000","100000000"
"Reimports","2018","02/07/2018","Monday","All","All","All","$","1000000","102000000"
"Reimports","2018","03/07/2018","Tuesday","All","All","All","$","1000000","102000000"
"Reimports","2018","04/07/2018","Wednesday","All","All","All","$","1000000","104000000"
"Reimports","2018","05/07/2018","Thursday","All","All","All","$","1000000","105000000"
"Reimports","2018","10/07/2018","Tuesday","All","All","All","$","1000000","107000000"
"Reimports","2018","11/07/2018","Wednesday","All","All","All","$","1000000","107000000"
"Reimports","2018","13/07/2018","Friday","All","All","All","$","1000000","109000000"
"Reimports","2018","16/07/2018","Monday","All","All","All","$","1000000","109000000"
"Reimports","2018","17/07/2018","Tuesday","All","All","All","$","1000000","110000000"
"Reimports","2018","18/07/2018","Wednesday","All","All","All","$","1000000","111000000"
"Reimports","2018","27/07/2018","Friday","All","All","All","$","1000000","114000000"
"Reimports","2018","30/07/2018","Monday","All","All","All","$","1000000","115000000"
"Reimports","2018","02/08/2018","Thursday","All","All","All","$","1000000","117000000"
"Reimports","2018","03/08/2018","Friday","All","All","All","$","1000000","118000000"
"Reimports","2018","10/08/2018","Friday","All","All","All","$","1000000","122000000"
"Reimports","2018","13/08/2018","Monday","All","All","All","$","1000000","123000000"
"Reimports","2018","14/08/2018","Tuesday","All","All","All","$","1000000","124000000"
"Reimports","2018","17/08/2018","Friday","All","All","All","$","1000000","125000000"
"Reimports","2018","20/08/2018","Monday","All","All","All","$","1000000","126000000"
"Reimports","2018","21/08/2018","Tuesday","All","All","All","$","1000000","127000000"
"Reimports","2018","22/08/2018","Wednesday","All","All","All","$","1000000","128000000"
"Reimports","2018","23/08/2018","Thursday","All","All","All","$","1000000","129000000"
"Reimports","2018","24/08/2018","Friday","All","All","All","$","1000000","129000000"
"Reimports","2018","28/08/2018","Tuesday","All","All","All","$","1000000","130000000"
"Reimports","2018","29/08/2018","Wednesday","All","All","All","$","1000000","131000000"
"Reimports","2018","01/09/2018","Saturday","All","All","All","$","1000000","133000000"
"Reimports","2018","04/09/2018","Tuesday","All","All","All","$","1000000","134000000"
"Reimports","2018","05/09/2018","Wednesday","All","All","All","$","1000000","135000000"
"Reimports","2018","06/09/2018","Thursday","All","All","All","$","1000000","136000000"
"Reimports","2018","07/09/2018","Friday","All","All","All","$","1000000","136000000"
"Reimports","2018","13/09/2018","Thursday","All","All","All","$","1000000","139000000"
"Reimports","2018","14/09/2018","Friday","All","All","All","$","1000000","140000000"
"Reimports","2018","18/09/2018","Tuesday","All","All","All","$","1000000","142000000"
"Reimports","2018","21/09/2018","Friday","All","All","All","$","1000000","143000000"
"Reimports","2018","24/09/2018","Monday","All","All","All","$","1000000","144000000"
"Reimports","2018","01/10/2018","Monday","All","All","All","$","1000000","148000000"
"Reimports","2018","04/10/2018","Thursday","All","All","All","$","1000000","152000000"
"Reimports","2018","09/10/2018","Tuesday","All","All","All","$","1000000","153000000"
"Reimports","2018","10/10/2018","Wednesday","All","All","All","$","1000000","154000000"
"Reimports","2018","17/10/2018","Wednesday","All","All","All","$","1000000","156000000"
"Reimports","2018","24/10/2018","Wednesday","All","All","All","$","1000000","159000000"
"Reimports","2018","29/10/2018","Monday","All","All","All","$","1000000","160000000"
"Reimports","2018","31/10/2018","Wednesday","All","All","All","$","1000000","163000000"
"Reimports","2018","02/11/2018","Friday","All","All","All","$","1000000","165000000"
"Reimports","2018","05/11/2018","Monday","All","All","All","$","1000000","165000000"
"Reimports","2018","06/11/2018","Tuesday","All","All","All","$","1000000","166000000"
"Reimports","2018","08/11/2018","Thursday","All","All","All","$","1000000","167000000"
"Reimports","2018","12/11/2018","Monday","All","All","All","$","1000000","169000000"
"Reimports","2018","14/11/2018","Wednesday","All","All","All","$","1000000","170000000"
"Reimports","2018","15/11/2018","Thursday","All","All","All","$","1000000","171000000"
"Reimports","2018","16/11/2018","Friday","All","All","All","$","1000000","172000000"
"Reimports","2018","19/11/2018","Monday","All","All","All","$","1000000","173000000"
"Reimports","2018","23/11/2018","Friday","All","All","All","$","1000000","175000000"
"Reimports","2018","27/11/2018","Tuesday","All","All","All","$","1000000","179000000"
"Reimports","2018","28/11/2018","Wednesday","All","All","All","$","1000000","179000000"
"Reimports","2018","03/12/2018","Monday","All","All","All","$","1000000","181000000"
"Reimports","2018","04/12/2018","Tuesday","All","All","All","$","1000000","182000000"
"Reimports","2018","05/12/2018","Wednesday","All","All","All","$","1000000","184000000"
"Reimports","2018","06/12/2018","Thursday","All","All","All","$","1000000","185000000"
"Reimports","2018","10/12/2018","Monday","All","All","All","$","1000000","187000000"
"Reimports","2018","15/12/2018","Saturday","All","All","All","$","1000000","191000000"
"Reimports","2018","18/12/2018","Tuesday","All","All","All","$","1000000","192000000"
"Reimports","2018","19/12/2018","Wednesday","All","All","All","$","1000000","193000000"
"Reimports","2018","24/12/2018","Monday","All","All","All","$","1000000","196000000"
"Reimports","2018","28/12/2018","Friday","All","All","All","$","1000000","197000000"
"Reimports","2018","17/01/2018","Wednesday","All","All","All","$","2000000","7000000"
"Reimports","2018","18/01/2018","Thursday","All","All","All","$","2000000","9000000"
"Reimports","2018","01/03/2018","Thursday","All","All","All","$","2000000","30000000"
"Reimports","2018","29/03/2018","Thursday","All","All","All","$","2000000","42000000"
"Reimports","2018","09/04/2018","Monday","All","All","All","$","2000000","46000000"
"Reimports","2018","18/04/2018","Wednesday","All","All","All","$","2000000","53000000"
"Reimports","2018","01/05/2018","Tuesday","All","All","All","$","2000000","69000000"
"Reimports","2018","17/05/2018","Thursday","All","All","All","$","2000000","82000000"
"Reimports","2018","05/06/2018","Tuesday","All","All","All","$","2000000","91000000"
"Reimports","2018","06/08/2018","Monday","All","All","All","$","2000000","120000000"
"Reimports","2018","26/09/2018","Wednesday","All","All","All","$","2000000","146000000"
"Reimports","2018","30/10/2018","Tuesday","All","All","All","$","2000000","163000000"
"Reimports","2018","22/11/2018","Thursday","All","All","All","$","2000000","175000000"
"Reimports","2018","26/11/2018","Monday","All","All","All","$","2000000","177000000"
"Reimports","2018","08/12/2018","Saturday","All","All","All","$","2000000","187000000"
"Reimports","2018","13/12/2018","Thursday","All","All","All","$","2000000","190000000"
"Reimports","2018","20/12/2018","Thursday","All","All","All","$","2000000","195000000"
"Reimports","2018","14/05/2018","Monday","All","All","All","$","3000000","79000000"
"Reimports","2018","03/10/2018","Wednesday","All","All","All","$","3000000","151000000"
"Reimports","2018","20/04/2018","Friday","All","All","All","$","10000000","64000000"
"Imports","2018","25/12/2018","Tuesday","All","All","All","$","20000000","62704000000"
"Imports","2018","26/05/2018","Saturday","All","All","All","$","21000000","23145000000"
"Imports","2018","03/02/2018","Saturday","All","All","All","$","23000000","5432000000"
"Imports","2018","17/02/2018","Saturday","All","All","All","$","23000000","7380000000"
"Imports","2018","12/05/2018","Saturday","All","All","All","$","23000000","20839000000"
"Imports","2018","19/05/2018","Saturday","All","All","All","$","23000000","21913000000"
"Imports","2018","17/03/2018","Saturday","All","All","All","$","25000000","11804000000"
"Imports","2018","28/04/2018","Saturday","All","All","All","$","25000000","18615000000"
"Imports","2018","28/01/2018","Sunday","All","All","All","$","26000000","4440000000"
"Imports","2018","07/04/2018","Saturday","All","All","All","$","26000000","15189000000"
"Imports","2018","21/04/2018","Saturday","All","All","All","$","26000000","17394000000"
"Imports","2018","06/01/2018","Saturday","All","All","All","$","27000000","802000000"
"Imports","2018","20/01/2018","Saturday","All","All","All","$","27000000","3201000000"
"Imports","2018","04/08/2018","Saturday","All","All","All","$","27000000","35501000000"
"Imports","2018","14/04/2018","Saturday","All","All","All","$","28000000","16261000000"
"Imports","2018","27/05/2018","Sunday","All","All","All","$","28000000","23173000000"
"Imports","2018","07/01/2018","Sunday","All","All","All","$","29000000","831000000"
"Imports","2018","13/01/2018","Saturday","All","All","All","$","29000000","2014000000"
"Imports","2018","05/05/2018","Saturday","All","All","All","$","29000000","19819000000"
"Imports","2018","16/06/2018","Saturday","All","All","All","$","29000000","26709000000"
"Imports","2018","04/02/2018","Sunday","All","All","All","$","30000000","5463000000"
"Imports","2018","10/02/2018","Saturday","All","All","All","$","30000000","6345000000"
"Imports","2018","13/05/2018","Sunday","All","All","All","$","30000000","20869000000"
"Imports","2018","30/03/2018","Friday","All","All","All","$","31000000","14077000000"
"Imports","2018","22/04/2018","Sunday","All","All","All","$","31000000","17425000000"
"Imports","2018","20/05/2018","Sunday","All","All","All","$","31000000","21944000000"
"Imports","2018","09/06/2018","Saturday","All","All","All","$","31000000","25421000000"
"Imports","2018","07/07/2018","Saturday","All","All","All","$","31000000","30504000000"
"Imports","2018","11/08/2018","Saturday","All","All","All","$","31000000","36658000000"
"Imports","2018","24/11/2018","Saturday","All","All","All","$","31000000","56892000000"
"Imports","2018","06/02/2018","Tuesday","All","All","All","$","32000000","5685000000"
"Imports","2018","24/02/2018","Saturday","All","All","All","$","32000000","8563000000"
"Imports","2018","03/03/2018","Saturday","All","All","All","$","32000000","9702000000"
"Imports","2018","02/04/2018","Monday","All","All","All","$","32000000","14236000000"
"Imports","2018","02/06/2018","Saturday","All","All","All","$","32000000","24364000000"
"Imports","2018","21/07/2018","Saturday","All","All","All","$","32000000","32866000000"
"Imports","2018","27/10/2018","Saturday","All","All","All","$","32000000","51532000000"
"Imports","2018","26/12/2018","Wednesday","All","All","All","$","32000000","62736000000"
"Imports","2018","29/04/2018","Sunday","All","All","All","$","33000000","18649000000"
"Imports","2018","06/05/2018","Sunday","All","All","All","$","33000000","19852000000"
"Imports","2018","18/08/2018","Saturday","All","All","All","$","33000000","37940000000"
"Imports","2018","22/12/2018","Saturday","All","All","All","$","33000000","62442000000"
"Imports","2018","25/02/2018","Sunday","All","All","All","$","34000000","8597000000"
"Imports","2018","04/03/2018","Sunday","All","All","All","$","34000000","9736000000"
"Imports","2018","08/04/2018","Sunday","All","All","All","$","34000000","15224000000"
"Imports","2018","13/10/2018","Saturday","All","All","All","$","34000000","48995000000"
"Imports","2018","02/01/2018","Tuesday","All","All","All","$","35000000","104000000"
"Imports","2018","11/02/2018","Sunday","All","All","All","$","35000000","6380000000"
"Imports","2018","11/03/2018","Sunday","All","All","All","$","35000000","10836000000"
"Imports","2018","18/03/2018","Sunday","All","All","All","$","35000000","11839000000"
"Imports","2018","24/03/2018","Saturday","All","All","All","$","35000000","12940000000"
"Imports","2018","15/12/2018","Saturday","All","All","All","$","35000000","61059000000"
"Imports","2018","27/01/2018","Saturday","All","All","All","$","36000000","4414000000"
"Imports","2018","10/03/2018","Saturday","All","All","All","$","36000000","10801000000"
"Imports","2018","28/07/2018","Saturday","All","All","All","$","36000000","34272000000"
"Imports","2018","25/08/2018","Saturday","All","All","All","$","36000000","39102000000"
"Imports","2018","08/09/2018","Saturday","All","All","All","$","36000000","41750000000"
"Imports","2018","10/11/2018","Saturday","All","All","All","$","36000000","54270000000"
"Imports","2018","29/12/2018","Saturday","All","All","All","$","36000000","63226000000"
"Imports","2018","18/02/2018","Sunday","All","All","All","$","37000000","7417000000"
"Imports","2018","29/07/2018","Sunday","All","All","All","$","37000000","34309000000"
"Imports","2018","22/09/2018","Saturday","All","All","All","$","37000000","44896000000"
"Imports","2018","04/11/2018","Sunday","All","All","All","$","37000000","53036000000"
"Imports","2018","17/11/2018","Saturday","All","All","All","$","37000000","55498000000"
"Imports","2018","14/01/2018","Sunday","All","All","All","$","38000000","2052000000"
"Imports","2018","23/06/2018","Saturday","All","All","All","$","38000000","27885000000"
"Imports","2018","26/08/2018","Sunday","All","All","All","$","38000000","39141000000"
"Imports","2018","20/10/2018","Saturday","All","All","All","$","38000000","50293000000"
"Imports","2018","03/11/2018","Saturday","All","All","All","$","38000000","52999000000"
"Imports","2018","30/06/2018","Saturday","All","All","All","$","39000000","29223000000"
"Imports","2018","08/07/2018","Sunday","All","All","All","$","39000000","30543000000"
"Imports","2018","05/08/2018","Sunday","All","All","All","$","39000000","35540000000"
"Imports","2018","25/04/2018","Wednesday","All","All","All","$","40000000","18005000000"
"Imports","2018","30/12/2018","Sunday","All","All","All","$","40000000","63266000000"
"Imports","2018","21/01/2018","Sunday","All","All","All","$","41000000","3242000000"
"Imports","2018","15/09/2018","Saturday","All","All","All","$","41000000","43338000000"
"Imports","2018","29/09/2018","Saturday","All","All","All","$","41000000","46094000000"
"Imports","2018","25/03/2018","Sunday","All","All","All","$","42000000","12982000000"
"Imports","2018","03/06/2018","Sunday","All","All","All","$","42000000","24406000000"
"Imports","2018","16/09/2018","Sunday","All","All","All","$","42000000","43379000000"
"Imports","2018","07/10/2018","Sunday","All","All","All","$","42000000","47555000000"
"Imports","2018","04/06/2018","Monday","All","All","All","$","43000000","24449000000"
"Imports","2018","30/09/2018","Sunday","All","All","All","$","43000000","46137000000"
"Imports","2018","22/10/2018","Monday","All","All","All","$","43000000","50400000000"
"Imports","2018","10/06/2018","Sunday","All","All","All","$","44000000","25465000000"
"Imports","2018","24/06/2018","Sunday","All","All","All","$","44000000","27929000000"
"Imports","2018","14/07/2018","Saturday","All","All","All","$","44000000","31691000000"
"Imports","2018","16/12/2018","Sunday","All","All","All","$","44000000","61103000000"
"Imports","2018","17/06/2018","Sunday","All","All","All","$","45000000","26754000000"
"Imports","2018","28/10/2018","Sunday","All","All","All","$","45000000","51578000000"
"Imports","2018","25/11/2018","Sunday","All","All","All","$","45000000","56937000000"
"Imports","2018","15/07/2018","Sunday","All","All","All","$","46000000","31737000000"
"Imports","2018","19/08/2018","Sunday","All","All","All","$","46000000","37986000000"
"Imports","2018","11/11/2018","Sunday","All","All","All","$","46000000","54316000000"
"Exports","2018","09/01/2018","Tuesday","All","All","All","$","48000000","878000000"
"Imports","2018","22/07/2018","Sunday","All","All","All","$","48000000","32914000000"
"Imports","2018","12/08/2018","Sunday","All","All","All","$","48000000","36706000000"
"Imports","2018","23/12/2018","Sunday","All","All","All","$","49000000","62491000000"
"Exports","2018","30/12/2018","Sunday","All","All","All","$","51000000","56945000000"
"Imports","2018","02/09/2018","Sunday","All","All","All","$","51000000","40498000000"
"Imports","2018","09/09/2018","Sunday","All","All","All","$","51000000","41801000000"
"Imports","2018","14/10/2018","Sunday","All","All","All","$","53000000","49048000000"
"Imports","2018","18/11/2018","Sunday","All","All","All","$","54000000","55552000000"
"Imports","2018","09/12/2018","Sunday","All","All","All","$","54000000","59868000000"
"Imports","2018","23/09/2018","Sunday","All","All","All","$","55000000","44951000000"
"Imports","2018","01/04/2018","Sunday","All","All","All","$","62000000","14204000000"
"Exports","2018","20/03/2018","Tuesday","All","All","All","$","63000000","11747000000"
"Imports","2018","08/12/2018","Saturday","All","All","All","$","63000000","59814000000"
"Imports","2018","15/04/2018","Sunday","All","All","All","$","64000000","16325000000"
"Imports","2018","21/10/2018","Sunday","All","All","All","$","64000000","50357000000"
"Exports","2018","01/01/2018","Monday","All","All","All","$","65000000","65000000"
"Imports","2018","31/03/2018","Saturday","All","All","All","$","65000000","14142000000"
"Imports","2018","06/10/2018","Saturday","All","All","All","$","67000000","47513000000"
"Exports","2018","21/07/2018","Saturday","All","All","All","$","68000000","32194000000"
"Exports","2018","08/08/2018","Wednesday","All","All","All","$","69000000","35063000000"
"Imports","2018","01/01/2018","Monday","All","All","All","$","69000000","69000000"
"Imports","2018","02/12/2018","Sunday","All","All","All","$","72000000","58354000000"
"Exports","2018","11/08/2018","Saturday","All","All","All","$","74000000","35353000000"
"Exports","2018","09/06/2018","Saturday","All","All","All","$","75000000","25147000000"
"Exports","2018","02/01/2018","Tuesday","All","All","All","$","76000000","141000000"
"Exports","2018","10/04/2018","Tuesday","All","All","All","$","78000000","15083000000"
"Exports","2018","30/01/2018","Tuesday","All","All","All","$","80000000","4003000000"
"Exports","2018","17/02/2018","Saturday","All","All","All","$","81000000","6735000000"
"Exports","2018","11/01/2018","Thursday","All","All","All","$","83000000","1070000000"
"Exports","2018","30/08/2018","Thursday","All","All","All","$","85000000","37873000000"
"Exports","2018","13/03/2018","Tuesday","All","All","All","$","86000000","10789000000"
"Exports","2018","15/05/2018","Tuesday","All","All","All","$","86000000","20977000000"
"Exports","2018","29/09/2018","Saturday","All","All","All","$","86000000","42123000000"
"Exports","2018","13/02/2018","Tuesday","All","All","All","$","87000000","6242000000"
"Exports","2018","12/09/2018","Wednesday","All","All","All","$","87000000","39669000000"
"Exports","2018","28/07/2018","Saturday","All","All","All","$","88000000","33304000000"
"Exports","2018","04/08/2018","Saturday","All","All","All","$","88000000","34524000000"
"Exports","2018","28/10/2018","Sunday","All","All","All","$","88000000","46596000000"
"Exports","2018","03/01/2018","Wednesday","All","All","All","$","89000000","230000000"
"Exports","2018","06/01/2018","Saturday","All","All","All","$","91000000","517000000"
"Exports","2018","14/02/2018","Wednesday","All","All","All","$","91000000","6333000000"
"Exports","2018","06/09/2018","Thursday","All","All","All","$","91000000","38888000000"
"Exports","2018","08/12/2018","Saturday","All","All","All","$","91000000","53368000000"
"Exports","2018","15/12/2018","Saturday","All","All","All","$","91000000","54499000000"
"Exports","2018","04/01/2018","Thursday","All","All","All","$","92000000","322000000"
"Exports","2018","09/08/2018","Thursday","All","All","All","$","92000000","35154000000"
"Exports","2018","26/12/2018","Wednesday","All","All","All","$","92000000","56515000000"
"Exports","2018","23/06/2018","Saturday","All","All","All","$","93000000","27522000000"
"Exports","2018","14/11/2018","Wednesday","All","All","All","$","93000000","49179000000"
"Exports","2018","15/09/2018","Saturday","All","All","All","$","94000000","40001000000"
"Exports","2018","03/04/2018","Tuesday","All","All","All","$","95000000","14000000000"
"Exports","2018","14/07/2018","Saturday","All","All","All","$","95000000","30987000000"
"Exports","2018","27/02/2018","Tuesday","All","All","All","$","96000000","8523000000"
"Exports","2018","01/08/2018","Wednesday","All","All","All","$","97000000","34145000000"
"Exports","2018","11/11/2018","Sunday","All","All","All","$","97000000","48688000000"
"Exports","2018","19/05/2018","Saturday","All","All","All","$","98000000","21629000000"
"Exports","2018","29/10/2018","Monday","All","All","All","$","98000000","46695000000"
"Exports","2018","10/03/2018","Saturday","All","All","All","$","99000000","10193000000"
"Exports","2018","21/04/2018","Saturday","All","All","All","$","99000000","16777000000"
"Exports","2018","13/09/2018","Thursday","All","All","All","$","99000000","39767000000"
"Exports","2018","29/12/2018","Saturday","All","All","All","$","99000000","56893000000"
"Exports","2018","13/10/2018","Saturday","All","All","All","$","100000000","44256000000"
"Exports","2018","23/01/2018","Tuesday","All","All","All","$","102000000","2958000000"
"Exports","2018","07/07/2018","Saturday","All","All","All","$","102000000","29845000000"
"Exports","2018","23/08/2018","Thursday","All","All","All","$","103000000","36940000000"
"Exports","2018","07/11/2018","Wednesday","All","All","All","$","104000000","48162000000"
"Exports","2018","05/01/2018","Friday","All","All","All","$","105000000","427000000"
"Exports","2018","07/09/2018","Friday","All","All","All","$","105000000","38993000000"
"Imports","2018","01/07/2018","Sunday","All","All","All","$","105000000","29328000000"
"Exports","2018","13/04/2018","Friday","All","All","All","$","106000000","15463000000"
"Exports","2018","08/09/2018","Saturday","All","All","All","$","106000000","39099000000"
"Exports","2018","15/08/2018","Wednesday","All","All","All","$","107000000","35886000000"
"Exports","2018","12/05/2018","Saturday","All","All","All","$","108000000","20474000000"
"Exports","2018","21/11/2018","Wednesday","All","All","All","$","108000000","50461000000"
"Exports","2018","10/01/2018","Wednesday","All","All","All","$","109000000","987000000"
"Exports","2018","04/07/2018","Wednesday","All","All","All","$","110000000","29477000000"
"Exports","2018","07/08/2018","Tuesday","All","All","All","$","110000000","34993000000"
"Exports","2018","24/11/2018","Saturday","All","All","All","$","110000000","50866000000"
"Exports","2018","07/04/2018","Saturday","All","All","All","$","111000000","14566000000"
"Exports","2018","26/07/2018","Thursday","All","All","All","$","111000000","32968000000"
"Exports","2018","16/09/2018","Sunday","All","All","All","$","111000000","40112000000"
"Exports","2018","16/01/2018","Tuesday","All","All","All","$","112000000","1850000000"
"Exports","2018","05/07/2018","Thursday","All","All","All","$","112000000","29589000000"
"Exports","2018","22/09/2018","Saturday","All","All","All","$","112000000","41106000000"
"Exports","2018","13/01/2018","Saturday","All","All","All","$","113000000","1305000000"
"Exports","2018","15/03/2018","Thursday","All","All","All","$","113000000","11020000000"
"Exports","2018","22/06/2018","Friday","All","All","All","$","113000000","27429000000"
"Exports","2018","26/06/2018","Tuesday","All","All","All","$","113000000","28044000000"
"Exports","2018","21/10/2018","Sunday","All","All","All","$","113000000","45426000000"
"Exports","2018","25/01/2018","Thursday","All","All","All","$","114000000","3190000000"
"Exports","2018","28/04/2018","Saturday","All","All","All","$","114000000","18039000000"
"Exports","2018","26/08/2018","Sunday","All","All","All","$","114000000","37335000000"
"Exports","2018","29/11/2018","Thursday","All","All","All","$","114000000","51722000000"
"Exports","2018","10/02/2018","Saturday","All","All","All","$","115000000","5754000000"
"Exports","2018","06/02/2018","Tuesday","All","All","All","$","116000000","5220000000"
"Exports","2018","17/01/2018","Wednesday","All","All","All","$","117000000","1966000000"
"Exports","2018","24/01/2018","Wednesday","All","All","All","$","118000000","3076000000"
"Exports","2018","06/03/2018","Tuesday","All","All","All","$","118000000","9677000000"
"Exports","2018","14/03/2018","Wednesday","All","All","All","$","118000000","10907000000"
"Exports","2018","01/10/2018","Monday","All","All","All","$","118000000","42394000000"
"Exports","2018","27/03/2018","Tuesday","All","All","All","$","119000000","12874000000"
"Exports","2018","14/04/2018","Saturday","All","All","All","$","119000000","15582000000"
"Exports","2018","20/06/2018","Wednesday","All","All","All","$","119000000","27194000000"
"Exports","2018","22/08/2018","Wednesday","All","All","All","$","119000000","36837000000"
"Exports","2018","25/08/2018","Saturday","All","All","All","$","119000000","37221000000"
"Exports","2018","05/09/2018","Wednesday","All","All","All","$","119000000","38797000000"
"Exports","2018","20/02/2018","Tuesday","All","All","All","$","120000000","7331000000"
"Exports","2018","22/05/2018","Tuesday","All","All","All","$","120000000","22287000000"
"Exports","2018","29/08/2018","Wednesday","All","All","All","$","120000000","37788000000"
"Exports","2018","10/11/2018","Saturday","All","All","All","$","120000000","48592000000"
"Exports","2018","16/06/2018","Saturday","All","All","All","$","121000000","26419000000"
"Exports","2018","01/09/2018","Saturday","All","All","All","$","121000000","38145000000"
"Exports","2018","05/11/2018","Monday","All","All","All","$","121000000","47816000000"
"Exports","2018","12/01/2018","Friday","All","All","All","$","122000000","1192000000"
"Exports","2018","21/06/2018","Thursday","All","All","All","$","122000000","27317000000"
"Exports","2018","12/08/2018","Sunday","All","All","All","$","122000000","35475000000"
"Exports","2018","28/08/2018","Tuesday","All","All","All","$","122000000","37668000000"
"Exports","2018","23/12/2018","Sunday","All","All","All","$","122000000","56102000000"
"Exports","2018","07/03/2018","Wednesday","All","All","All","$","123000000","9800000000"
"Exports","2018","01/05/2018","Tuesday","All","All","All","$","123000000","18607000000"
"Exports","2018","02/08/2018","Thursday","All","All","All","$","123000000","34268000000"
"Exports","2018","03/11/2018","Saturday","All","All","All","$","123000000","47566000000"
"Exports","2018","24/03/2018","Saturday","All","All","All","$","124000000","12298000000"
"Exports","2018","07/06/2018","Thursday","All","All","All","$","125000000","24929000000"
"Exports","2018","10/08/2018","Friday","All","All","All","$","125000000","35279000000"
"Exports","2018","20/08/2018","Monday","All","All","All","$","125000000","36555000000"
"Exports","2018","18/09/2018","Tuesday","All","All","All","$","125000000","40372000000"
"Exports","2018","17/03/2018","Saturday","All","All","All","$","126000000","11276000000"
"Exports","2018","11/04/2018","Wednesday","All","All","All","$","126000000","15209000000"
"Exports","2018","14/10/2018","Sunday","All","All","All","$","126000000","44382000000"
"Exports","2018","25/12/2018","Tuesday","All","All","All","$","126000000","56423000000"
"Exports","2018","08/02/2018","Thursday","All","All","All","$","127000000","5476000000"
"Exports","2018","17/08/2018","Friday","All","All","All","$","127000000","36167000000"
"Exports","2018","04/10/2018","Thursday","All","All","All","$","127000000","42841000000"
"Exports","2018","24/04/2018","Tuesday","All","All","All","$","128000000","17419000000"
"Exports","2018","10/05/2018","Thursday","All","All","All","$","128000000","20154000000"
"Exports","2018","02/06/2018","Saturday","All","All","All","$","128000000","24148000000"
"Exports","2018","19/08/2018","Sunday","All","All","All","$","128000000","36430000000"
"Exports","2018","07/02/2018","Wednesday","All","All","All","$","129000000","5349000000"
"Exports","2018","24/05/2018","Thursday","All","All","All","$","129000000","22573000000"
"Exports","2018","04/11/2018","Sunday","All","All","All","$","129000000","47695000000"
"Exports","2018","25/11/2018","Sunday","All","All","All","$","129000000","50995000000"
"Exports","2018","01/03/2018","Thursday","All","All","All","$","130000000","8850000000"
"Exports","2018","16/03/2018","Friday","All","All","All","$","130000000","11150000000"
"Exports","2018","24/07/2018","Tuesday","All","All","All","$","130000000","32724000000"
"Exports","2018","02/10/2018","Tuesday","All","All","All","$","130000000","42524000000"
"Exports","2018","05/05/2018","Saturday","All","All","All","$","131000000","19243000000"
"Exports","2018","18/10/2018","Thursday","All","All","All","$","131000000","45028000000"
"Exports","2018","14/08/2018","Tuesday","All","All","All","$","132000000","35779000000"
"Exports","2018","20/10/2018","Saturday","All","All","All","$","132000000","45313000000"
"Exports","2018","07/01/2018","Sunday","All","All","All","$","133000000","651000000"
"Exports","2018","03/03/2018","Saturday","All","All","All","$","133000000","9118000000"
"Exports","2018","08/05/2018","Tuesday","All","All","All","$","133000000","19829000000"
"Exports","2018","03/07/2018","Tuesday","All","All","All","$","133000000","29367000000"
"Exports","2018","25/07/2018","Wednesday","All","All","All","$","133000000","32857000000"
"Exports","2018","27/09/2018","Thursday","All","All","All","$","133000000","41893000000"
"Exports","2018","06/10/2018","Saturday","All","All","All","$","133000000","43143000000"
"Exports","2018","21/03/2018","Wednesday","All","All","All","$","134000000","11881000000"
"Exports","2018","05/04/2018","Thursday","All","All","All","$","134000000","14276000000"
"Exports","2018","22/07/2018","Sunday","All","All","All","$","134000000","32328000000"
"Exports","2018","02/03/2018","Friday","All","All","All","$","135000000","8985000000"
"Exports","2018","03/06/2018","Sunday","All","All","All","$","135000000","24283000000"
"Exports","2018","13/07/2018","Friday","All","All","All","$","135000000","30893000000"
"Exports","2018","18/08/2018","Saturday","All","All","All","$","135000000","36302000000"
"Exports","2018","17/09/2018","Monday","All","All","All","$","135000000","40247000000"
"Exports","2018","27/12/2018","Thursday","All","All","All","$","135000000","56650000000"
"Exports","2018","18/07/2018","Wednesday","All","All","All","$","136000000","31836000000"
"Exports","2018","12/11/2018","Monday","All","All","All","$","136000000","48824000000"
"Exports","2018","23/11/2018","Friday","All","All","All","$","136000000","50756000000"
"Exports","2018","03/12/2018","Monday","All","All","All","$","136000000","52577000000"
"Exports","2018","17/04/2018","Tuesday","All","All","All","$","137000000","16145000000"
"Exports","2018","26/09/2018","Wednesday","All","All","All","$","137000000","41760000000"
"Exports","2018","27/01/2018","Saturday","All","All","All","$","138000000","3516000000"
"Exports","2018","31/10/2018","Wednesday","All","All","All","$","138000000","47105000000"
"Exports","2018","17/11/2018","Saturday","All","All","All","$","138000000","49634000000"
"Exports","2018","25/03/2018","Sunday","All","All","All","$","139000000","12436000000"
"Exports","2018","25/05/2018","Friday","All","All","All","$","139000000","22712000000"
"Exports","2018","06/06/2018","Wednesday","All","All","All","$","139000000","24804000000"
"Exports","2018","19/09/2018","Wednesday","All","All","All","$","139000000","40511000000"
"Exports","2018","11/12/2018","Tuesday","All","All","All","$","139000000","53831000000"
"Exports","2018","14/09/2018","Friday","All","All","All","$","140000000","39907000000"
"Exports","2018","04/12/2018","Tuesday","All","All","All","$","140000000","52717000000"
"Exports","2018","21/01/2018","Sunday","All","All","All","$","141000000","2590000000"
"Exports","2018","30/03/2018","Friday","All","All","All","$","141000000","13356000000"
"Exports","2018","12/06/2018","Tuesday","All","All","All","$","141000000","25818000000"
"Exports","2018","01/11/2018","Thursday","All","All","All","$","141000000","47246000000"
"Exports","2018","14/01/2018","Sunday","All","All","All","$","142000000","1447000000"
"Exports","2018","09/03/2018","Friday","All","All","All","$","143000000","10095000000"
"Exports","2018","04/04/2018","Wednesday","All","All","All","$","143000000","14143000000"
"Exports","2018","03/05/2018","Thursday","All","All","All","$","143000000","18920000000"
"Exports","2018","26/05/2018","Saturday","All","All","All","$","143000000","22855000000"
"Exports","2018","08/06/2018","Friday","All","All","All","$","143000000","25072000000"
"Exports","2018","12/10/2018","Friday","All","All","All","$","143000000","44156000000"
"Imports","2018","01/09/2018","Saturday","All","All","All","$","143000000","40448000000"
"Exports","2018","28/01/2018","Sunday","All","All","All","$","144000000","3660000000"
"Exports","2018","29/05/2018","Tuesday","All","All","All","$","144000000","23447000000"
"Exports","2018","28/09/2018","Friday","All","All","All","$","144000000","42037000000"
"Exports","2018","28/12/2018","Friday","All","All","All","$","144000000","56795000000"
"Exports","2018","01/02/2018","Thursday","All","All","All","$","145000000","4420000000"
"Exports","2018","11/02/2018","Sunday","All","All","All","$","145000000","5898000000"
"Exports","2018","20/07/2018","Friday","All","All","All","$","145000000","32127000000"
"Exports","2018","08/10/2018","Monday","All","All","All","$","145000000","43450000000"
"Imports","2018","30/08/2018","Thursday","All","All","All","$","145000000","40086000000"
"Imports","2018","31/12/2018","Monday","All","All","All","$","145000000","63412000000"
"Exports","2018","03/02/2018","Saturday","All","All","All","$","146000000","4751000000"
"Exports","2018","22/03/2018","Thursday","All","All","All","$","146000000","12027000000"
"Exports","2018","23/03/2018","Friday","All","All","All","$","146000000","12173000000"
"Exports","2018","14/06/2018","Thursday","All","All","All","$","146000000","26113000000"
"Exports","2018","19/07/2018","Thursday","All","All","All","$","146000000","31982000000"
"Exports","2018","27/10/2018","Saturday","All","All","All","$","146000000","46509000000"
"Exports","2018","09/11/2018","Friday","All","All","All","$","146000000","48471000000"
"Exports","2018","24/10/2018","Wednesday","All","All","All","$","147000000","45979000000"
"Exports","2018","12/07/2018","Thursday","All","All","All","$","148000000","30758000000"
"Exports","2018","12/04/2018","Thursday","All","All","All","$","149000000","15358000000"
"Exports","2018","05/06/2018","Tuesday","All","All","All","$","149000000","24665000000"
"Exports","2018","13/06/2018","Wednesday","All","All","All","$","149000000","25967000000"
"Imports","2018","01/12/2018","Saturday","All","All","All","$","149000000","58282000000"
"Exports","2018","20/01/2018","Saturday","All","All","All","$","150000000","2449000000"
"Exports","2018","31/08/2018","Friday","All","All","All","$","150000000","38024000000"
"Exports","2018","11/09/2018","Tuesday","All","All","All","$","150000000","39582000000"
"Exports","2018","21/02/2018","Wednesday","All","All","All","$","151000000","7482000000"
"Exports","2018","08/03/2018","Thursday","All","All","All","$","151000000","9951000000"
"Exports","2018","19/04/2018","Thursday","All","All","All","$","151000000","16483000000"
"Exports","2018","19/01/2018","Friday","All","All","All","$","152000000","2299000000"
"Exports","2018","24/09/2018","Monday","All","All","All","$","152000000","41419000000"
"Exports","2018","19/10/2018","Friday","All","All","All","$","152000000","45181000000"
"Exports","2018","24/06/2018","Sunday","All","All","All","$","153000000","27675000000"
"Exports","2018","30/09/2018","Sunday","All","All","All","$","153000000","42276000000"
"Exports","2018","06/07/2018","Friday","All","All","All","$","154000000","29743000000"
"Exports","2018","16/08/2018","Thursday","All","All","All","$","154000000","36040000000"
"Exports","2018","09/09/2018","Sunday","All","All","All","$","154000000","39253000000"
"Exports","2018","16/11/2018","Friday","All","All","All","$","154000000","49496000000"
"Exports","2018","27/04/2018","Friday","All","All","All","$","155000000","17925000000"
"Exports","2018","08/07/2018","Sunday","All","All","All","$","155000000","30000000000"
"Exports","2018","10/07/2018","Tuesday","All","All","All","$","155000000","30455000000"
"Exports","2018","11/07/2018","Wednesday","All","All","All","$","155000000","30610000000"
"Exports","2018","17/07/2018","Tuesday","All","All","All","$","155000000","31700000000"
"Exports","2018","16/02/2018","Friday","All","All","All","$","157000000","6654000000"
"Exports","2018","24/02/2018","Saturday","All","All","All","$","157000000","7985000000"
"Exports","2018","23/05/2018","Wednesday","All","All","All","$","157000000","22444000000"
"Exports","2018","11/10/2018","Thursday","All","All","All","$","157000000","44014000000"
"Exports","2018","17/12/2018","Monday","All","All","All","$","157000000","54883000000"
"Exports","2018","28/03/2018","Wednesday","All","All","All","$","158000000","13032000000"
"Exports","2018","27/05/2018","Sunday","All","All","All","$","159000000","23014000000"
"Exports","2018","15/10/2018","Monday","All","All","All","$","159000000","44542000000"
"Exports","2018","09/12/2018","Sunday","All","All","All","$","159000000","53526000000"
"Exports","2018","27/06/2018","Wednesday","All","All","All","$","160000000","28204000000"
"Exports","2018","22/11/2018","Thursday","All","All","All","$","160000000","50620000000"
"Exports","2018","04/03/2018","Sunday","All","All","All","$","161000000","9279000000"
"Exports","2018","31/03/2018","Saturday","All","All","All","$","161000000","13517000000"
"Exports","2018","23/09/2018","Sunday","All","All","All","$","161000000","41267000000"
"Exports","2018","24/08/2018","Friday","All","All","All","$","162000000","37102000000"
"Exports","2018","07/10/2018","Sunday","All","All","All","$","162000000","43305000000"
"Exports","2018","05/12/2018","Wednesday","All","All","All","$","162000000","52879000000"
"Exports","2018","09/02/2018","Friday","All","All","All","$","163000000","5639000000"
"Exports","2018","21/08/2018","Tuesday","All","All","All","$","163000000","36718000000"
"Exports","2018","08/11/2018","Thursday","All","All","All","$","164000000","48326000000"
"Exports","2018","15/11/2018","Thursday","All","All","All","$","164000000","49343000000"
"Exports","2018","01/12/2018","Saturday","All","All","All","$","164000000","52126000000"
"Imports","2018","31/01/2018","Wednesday","All","All","All","$","164000000","4938000000"
"Exports","2018","15/02/2018","Thursday","All","All","All","$","165000000","6497000000"
"Exports","2018","18/05/2018","Friday","All","All","All","$","165000000","21530000000"
"Exports","2018","28/06/2018","Thursday","All","All","All","$","165000000","28369000000"
"Imports","2018","30/01/2018","Tuesday","All","All","All","$","165000000","4774000000"
"Imports","2018","31/10/2018","Wednesday","All","All","All","$","165000000","52271000000"
"Exports","2018","10/12/2018","Monday","All","All","All","$","166000000","53693000000"
"Exports","2018","19/12/2018","Wednesday","All","All","All","$","166000000","55232000000"
"Imports","2018","30/05/2018","Wednesday","All","All","All","$","166000000","23864000000"
"Imports","2018","30/11/2018","Friday","All","All","All","$","166000000","58132000000"
"Exports","2018","18/03/2018","Sunday","All","All","All","$","167000000","11443000000"
"Exports","2018","13/05/2018","Sunday","All","All","All","$","167000000","20641000000"
"Exports","2018","06/08/2018","Monday","All","All","All","$","167000000","34884000000"
"Exports","2018","19/11/2018","Monday","All","All","All","$","167000000","50024000000"
"Imports","2018","16/03/2018","Friday","All","All","All","$","167000000","11779000000"
"Exports","2018","22/02/2018","Thursday","All","All","All","$","168000000","7650000000"
"Exports","2018","03/08/2018","Friday","All","All","All","$","168000000","34436000000"
"Exports","2018","30/06/2018","Saturday","All","All","All","$","169000000","28712000000"
"Exports","2018","05/10/2018","Friday","All","All","All","$","169000000","43010000000"
"Imports","2018","29/01/2018","Monday","All","All","All","$","169000000","4609000000"
"Exports","2018","02/05/2018","Wednesday","All","All","All","$","170000000","18777000000"
"Exports","2018","30/05/2018","Wednesday","All","All","All","$","171000000","23617000000"
"Exports","2018","15/04/2018","Sunday","All","All","All","$","172000000","15755000000"
"Exports","2018","13/08/2018","Monday","All","All","All","$","172000000","35647000000"
"Exports","2018","26/04/2018","Thursday","All","All","All","$","173000000","17770000000"
"Exports","2018","12/12/2018","Wednesday","All","All","All","$","173000000","54005000000"
"Exports","2018","01/04/2018","Sunday","All","All","All","$","174000000","13691000000"
"Exports","2018","29/06/2018","Friday","All","All","All","$","174000000","28543000000"
"Exports","2018","04/09/2018","Tuesday","All","All","All","$","174000000","38678000000"
"Exports","2018","29/04/2018","Sunday","All","All","All","$","175000000","18214000000"
"Imports","2018","19/01/2018","Friday","All","All","All","$","175000000","3174000000"
"Exports","2018","05/02/2018","Monday","All","All","All","$","176000000","5104000000"
"Exports","2018","09/10/2018","Tuesday","All","All","All","$","176000000","43626000000"
"Exports","2018","28/11/2018","Wednesday","All","All","All","$","176000000","51607000000"
"Exports","2018","04/02/2018","Sunday","All","All","All","$","177000000","4928000000"
"Exports","2018","17/10/2018","Wednesday","All","All","All","$","177000000","44897000000"
"Exports","2018","23/02/2018","Friday","All","All","All","$","178000000","7828000000"
"Exports","2018","10/09/2018","Monday","All","All","All","$","178000000","39432000000"
"Exports","2018","16/10/2018","Tuesday","All","All","All","$","178000000","44720000000"
"Imports","2018","07/03/2018","Wednesday","All","All","All","$","178000000","10308000000"
"Imports","2018","19/03/2018","Monday","All","All","All","$","178000000","12017000000"
"Exports","2018","08/01/2018","Monday","All","All","All","$","179000000","830000000"
"Exports","2018","06/04/2018","Friday","All","All","All","$","179000000","14455000000"
"Exports","2018","08/04/2018","Sunday","All","All","All","$","179000000","14746000000"
"Exports","2018","25/04/2018","Wednesday","All","All","All","$","179000000","17598000000"
"Exports","2018","02/09/2018","Sunday","All","All","All","$","179000000","38323000000"
"Imports","2018","02/05/2018","Wednesday","All","All","All","$","179000000","19362000000"
"Exports","2018","18/01/2018","Thursday","All","All","All","$","180000000","2147000000"
"Imports","2018","19/02/2018","Monday","All","All","All","$","180000000","7597000000"
"Imports","2018","26/03/2018","Monday","All","All","All","$","180000000","13162000000"
"Exports","2018","25/02/2018","Sunday","All","All","All","$","181000000","8166000000"
"Exports","2018","03/09/2018","Monday","All","All","All","$","181000000","38504000000"
"Exports","2018","14/12/2018","Friday","All","All","All","$","181000000","54408000000"
"Imports","2018","08/05/2018","Tuesday","All","All","All","$","181000000","20227000000"
"Imports","2018","28/02/2018","Wednesday","All","All","All","$","182000000","9194000000"
"Imports","2018","02/03/2018","Friday","All","All","All","$","182000000","9670000000"
"Imports","2018","14/03/2018","Wednesday","All","All","All","$","182000000","11408000000"
"Imports","2018","09/04/2018","Monday","All","All","All","$","182000000","15406000000"
"Imports","2018","18/05/2018","Friday","All","All","All","$","182000000","21890000000"
"Imports","2018","20/06/2018","Wednesday","All","All","All","$","182000000","27386000000"
"Exports","2018","29/03/2018","Thursday","All","All","All","$","183000000","13215000000"
"Exports","2018","06/05/2018","Sunday","All","All","All","$","183000000","19426000000"
"Exports","2018","19/06/2018","Tuesday","All","All","All","$","183000000","27075000000"
"Exports","2018","18/12/2018","Tuesday","All","All","All","$","183000000","55066000000"
"Imports","2018","16/02/2018","Friday","All","All","All","$","183000000","7357000000"
"Imports","2018","20/03/2018","Tuesday","All","All","All","$","183000000","12200000000"
"Exports","2018","15/06/2018","Friday","All","All","All","$","184000000","26298000000"
"Exports","2018","02/02/2018","Friday","All","All","All","$","185000000","4605000000"
"Exports","2018","18/04/2018","Wednesday","All","All","All","$","186000000","16331000000"
"Exports","2018","01/06/2018","Friday","All","All","All","$","186000000","24020000000"
"Exports","2018","21/09/2018","Friday","All","All","All","$","186000000","40994000000"
"Imports","2018","26/01/2018","Friday","All","All","All","$","186000000","4378000000"
"Imports","2018","20/07/2018","Friday","All","All","All","$","186000000","32834000000"
"Imports","2018","28/09/2018","Friday","All","All","All","$","186000000","46054000000"
"Exports","2018","22/10/2018","Monday","All","All","All","$","187000000","45612000000"
"Imports","2018","13/03/2018","Tuesday","All","All","All","$","187000000","11227000000"
"Imports","2018","29/11/2018","Thursday","All","All","All","$","187000000","57966000000"
"Exports","2018","26/01/2018","Friday","All","All","All","$","188000000","3378000000"
"Imports","2018","14/02/2018","Wednesday","All","All","All","$","188000000","6971000000"
"Imports","2018","07/11/2018","Wednesday","All","All","All","$","188000000","53760000000"
"Exports","2018","07/12/2018","Friday","All","All","All","$","189000000","53277000000"
"Imports","2018","11/04/2018","Wednesday","All","All","All","$","189000000","15805000000"
"Imports","2018","11/05/2018","Friday","All","All","All","$","189000000","20815000000"
"Imports","2018","16/05/2018","Wednesday","All","All","All","$","189000000","21503000000"
"Imports","2018","29/08/2018","Wednesday","All","All","All","$","189000000","39941000000"
"Exports","2018","03/10/2018","Wednesday","All","All","All","$","190000000","42714000000"
"Imports","2018","05/02/2018","Monday","All","All","All","$","190000000","5653000000"
"Imports","2018","05/03/2018","Monday","All","All","All","$","190000000","9926000000"
"Imports","2018","23/01/2018","Tuesday","All","All","All","$","191000000","3651000000"
"Imports","2018","13/04/2018","Friday","All","All","All","$","191000000","16233000000"
"Imports","2018","19/04/2018","Thursday","All","All","All","$","191000000","17174000000"
"Imports","2018","22/06/2018","Friday","All","All","All","$","191000000","27847000000"
"Imports","2018","03/08/2018","Friday","All","All","All","$","191000000","35474000000"
"Imports","2018","28/12/2018","Friday","All","All","All","$","191000000","63191000000"
"Exports","2018","04/05/2018","Friday","All","All","All","$","192000000","19112000000"
"Exports","2018","17/06/2018","Sunday","All","All","All","$","192000000","26610000000"
"Exports","2018","01/07/2018","Sunday","All","All","All","$","192000000","28904000000"
"Exports","2018","25/10/2018","Thursday","All","All","All","$","192000000","46170000000"
"Exports","2018","26/10/2018","Friday","All","All","All","$","192000000","46363000000"
"Imports","2018","11/01/2018","Thursday","All","All","All","$","192000000","1748000000"
"Imports","2018","21/03/2018","Wednesday","All","All","All","$","192000000","12392000000"
"Imports","2018","24/08/2018","Friday","All","All","All","$","192000000","39066000000"
"Exports","2018","29/07/2018","Sunday","All","All","All","$","193000000","33497000000"
"Exports","2018","05/08/2018","Sunday","All","All","All","$","193000000","34717000000"
"Imports","2018","18/04/2018","Wednesday","All","All","All","$","193000000","16982000000"
"Imports","2018","03/05/2018","Thursday","All","All","All","$","193000000","19555000000"
"Exports","2018","17/05/2018","Thursday","All","All","All","$","194000000","21366000000"
"Imports","2018","20/04/2018","Friday","All","All","All","$","194000000","17367000000"
"Imports","2018","07/05/2018","Monday","All","All","All","$","194000000","20047000000"
"Imports","2018","10/08/2018","Friday","All","All","All","$","194000000","36627000000"
"Imports","2018","24/12/2018","Monday","All","All","All","$","194000000","62685000000"
"Exports","2018","20/04/2018","Friday","All","All","All","$","195000000","16678000000"
"Exports","2018","16/05/2018","Wednesday","All","All","All","$","195000000","21172000000"
"Imports","2018","31/05/2018","Thursday","All","All","All","$","195000000","24059000000"
"Imports","2018","27/06/2018","Wednesday","All","All","All","$","195000000","28583000000"
"Exports","2018","24/12/2018","Monday","All","All","All","$","196000000","56298000000"
"Exports","2018","28/02/2018","Wednesday","All","All","All","$","197000000","8720000000"
"Exports","2018","09/05/2018","Wednesday","All","All","All","$","197000000","20026000000"
"Exports","2018","02/11/2018","Friday","All","All","All","$","197000000","47443000000"
"Imports","2018","13/02/2018","Tuesday","All","All","All","$","197000000","6782000000"
"Imports","2018","07/02/2018","Wednesday","All","All","All","$","198000000","5883000000"
"Imports","2018","08/03/2018","Thursday","All","All","All","$","198000000","10505000000"
"Imports","2018","23/03/2018","Friday","All","All","All","$","198000000","12905000000"
"Imports","2018","10/05/2018","Thursday","All","All","All","$","198000000","20626000000"
"Imports","2018","12/07/2018","Thursday","All","All","All","$","198000000","31403000000"
"Exports","2018","18/02/2018","Sunday","All","All","All","$","199000000","6934000000"
"Imports","2018","25/06/2018","Monday","All","All","All","$","199000000","28128000000"
"Imports","2018","20/02/2018","Tuesday","All","All","All","$","200000000","7797000000"
"Imports","2018","09/05/2018","Wednesday","All","All","All","$","200000000","20428000000"
"Imports","2018","15/06/2018","Friday","All","All","All","$","200000000","26680000000"
"Imports","2018","03/07/2018","Tuesday","All","All","All","$","200000000","29791000000"
"Imports","2018","09/02/2018","Friday","All","All","All","$","201000000","6316000000"
"Imports","2018","16/11/2018","Friday","All","All","All","$","201000000","55462000000"
"Imports","2018","29/05/2018","Tuesday","All","All","All","$","202000000","23699000000"
"Imports","2018","14/12/2018","Friday","All","All","All","$","202000000","61024000000"
"Exports","2018","20/05/2018","Sunday","All","All","All","$","203000000","21832000000"
"Imports","2018","27/02/2018","Tuesday","All","All","All","$","203000000","9012000000"
"Imports","2018","04/07/2018","Wednesday","All","All","All","$","203000000","29994000000"
"Imports","2018","31/07/2018","Tuesday","All","All","All","$","203000000","34762000000"
"Imports","2018","08/08/2018","Wednesday","All","All","All","$","203000000","36161000000"
"Imports","2018","05/10/2018","Friday","All","All","All","$","203000000","47446000000"
"Exports","2018","25/09/2018","Tuesday","All","All","All","$","204000000","41623000000"
"Imports","2018","12/02/2018","Monday","All","All","All","$","204000000","6585000000"
"Imports","2018","15/02/2018","Thursday","All","All","All","$","204000000","7174000000"
"Imports","2018","06/03/2018","Tuesday","All","All","All","$","204000000","10130000000"
"Imports","2018","12/03/2018","Monday","All","All","All","$","204000000","11039000000"
"Imports","2018","15/03/2018","Thursday","All","All","All","$","204000000","11612000000"
"Exports","2018","22/04/2018","Sunday","All","All","All","$","205000000","16982000000"
"Imports","2018","17/05/2018","Thursday","All","All","All","$","205000000","21708000000"
"Imports","2018","06/08/2018","Monday","All","All","All","$","205000000","35745000000"
"Imports","2018","20/08/2018","Monday","All","All","All","$","205000000","38191000000"
"Imports","2018","24/05/2018","Thursday","All","All","All","$","206000000","22914000000"
"Imports","2018","11/07/2018","Wednesday","All","All","All","$","206000000","31206000000"
"Exports","2018","26/11/2018","Monday","All","All","All","$","207000000","51202000000"
"Imports","2018","03/01/2018","Wednesday","All","All","All","$","207000000","311000000"
"Imports","2018","15/01/2018","Monday","All","All","All","$","207000000","2259000000"
"Imports","2018","10/01/2018","Wednesday","All","All","All","$","208000000","1556000000"
"Imports","2018","17/01/2018","Wednesday","All","All","All","$","208000000","2723000000"
"Exports","2018","06/12/2018","Thursday","All","All","All","$","209000000","53088000000"
"Imports","2018","15/05/2018","Tuesday","All","All","All","$","209000000","21314000000"
"Imports","2018","25/05/2018","Friday","All","All","All","$","209000000","23123000000"
"Imports","2018","11/06/2018","Monday","All","All","All","$","209000000","25674000000"
"Imports","2018","10/04/2018","Tuesday","All","All","All","$","210000000","15616000000"
"Imports","2018","02/02/2018","Friday","All","All","All","$","211000000","5409000000"
"Imports","2018","22/02/2018","Thursday","All","All","All","$","211000000","8241000000"
"Imports","2018","26/02/2018","Monday","All","All","All","$","211000000","8808000000"
"Imports","2018","16/04/2018","Monday","All","All","All","$","211000000","16535000000"
"Imports","2018","27/07/2018","Friday","All","All","All","$","211000000","34236000000"
"Imports","2018","28/11/2018","Wednesday","All","All","All","$","211000000","57779000000"
"Exports","2018","11/05/2018","Friday","All","All","All","$","212000000","20366000000"
"Exports","2018","27/08/2018","Monday","All","All","All","$","212000000","37547000000"
"Imports","2018","19/06/2018","Tuesday","All","All","All","$","212000000","27205000000"
"Imports","2018","17/07/2018","Tuesday","All","All","All","$","212000000","32191000000"
"Imports","2018","22/05/2018","Tuesday","All","All","All","$","213000000","22404000000"
"Imports","2018","08/06/2018","Friday","All","All","All","$","213000000","25390000000"
"Imports","2018","07/08/2018","Tuesday","All","All","All","$","213000000","35959000000"
"Exports","2018","02/04/2018","Monday","All","All","All","$","214000000","13905000000"
"Imports","2018","18/07/2018","Wednesday","All","All","All","$","214000000","32405000000"
"Imports","2018","13/08/2018","Monday","All","All","All","$","214000000","36920000000"
"Imports","2018","24/07/2018","Tuesday","All","All","All","$","215000000","33403000000"
"Imports","2018","24/09/2018","Monday","All","All","All","$","215000000","45166000000"
"Imports","2018","13/12/2018","Thursday","All","All","All","$","215000000","60822000000"
"Exports","2018","31/05/2018","Thursday","All","All","All","$","216000000","23834000000"
"Imports","2018","25/09/2018","Tuesday","All","All","All","$","216000000","45383000000"
"Imports","2018","12/11/2018","Monday","All","All","All","$","216000000","54531000000"
"Imports","2018","26/11/2018","Monday","All","All","All","$","216000000","57153000000"
"Exports","2018","21/12/2018","Friday","All","All","All","$","217000000","55717000000"
"Imports","2018","09/01/2018","Tuesday","All","All","All","$","217000000","1349000000"
"Imports","2018","09/07/2018","Monday","All","All","All","$","217000000","30760000000"
"Imports","2018","03/09/2018","Monday","All","All","All","$","217000000","40715000000"
"Imports","2018","19/12/2018","Wednesday","All","All","All","$","217000000","61826000000"
"Imports","2018","22/01/2018","Monday","All","All","All","$","218000000","3460000000"
"Imports","2018","05/09/2018","Wednesday","All","All","All","$","218000000","41187000000"
"Exports","2018","23/10/2018","Tuesday","All","All","All","$","219000000","45831000000"
"Imports","2018","24/04/2018","Tuesday","All","All","All","$","219000000","17965000000"
"Imports","2018","31/08/2018","Friday","All","All","All","$","219000000","40304000000"
"Imports","2018","15/10/2018","Monday","All","All","All","$","220000000","49268000000"
"Imports","2018","04/01/2018","Thursday","All","All","All","$","221000000","532000000"
"Imports","2018","03/04/2018","Tuesday","All","All","All","$","221000000","14457000000"
"Imports","2018","15/08/2018","Wednesday","All","All","All","$","221000000","37432000000"
"Imports","2018","22/08/2018","Wednesday","All","All","All","$","221000000","38649000000"
"Exports","2018","18/11/2018","Sunday","All","All","All","$","222000000","49856000000"
"Exports","2018","13/12/2018","Thursday","All","All","All","$","222000000","54227000000"
"Imports","2018","25/07/2018","Wednesday","All","All","All","$","222000000","33626000000"
"Imports","2018","16/10/2018","Tuesday","All","All","All","$","222000000","49490000000"
"Imports","2018","11/10/2018","Thursday","All","All","All","$","223000000","48713000000"
"Imports","2018","02/08/2018","Thursday","All","All","All","$","224000000","35283000000"
"Imports","2018","17/09/2018","Monday","All","All","All","$","224000000","43603000000"
"Imports","2018","23/08/2018","Thursday","All","All","All","$","225000000","38874000000"
"Imports","2018","04/04/2018","Wednesday","All","All","All","$","226000000","14683000000"
"Imports","2018","05/06/2018","Tuesday","All","All","All","$","226000000","24676000000"
"Imports","2018","19/11/2018","Monday","All","All","All","$","226000000","55778000000"
"Exports","2018","31/07/2018","Tuesday","All","All","All","$","227000000","34048000000"
"Imports","2018","24/01/2018","Wednesday","All","All","All","$","227000000","3878000000"
"Imports","2018","11/09/2018","Tuesday","All","All","All","$","227000000","42287000000"
"Imports","2018","07/12/2018","Friday","All","All","All","$","227000000","59751000000"
"Exports","2018","16/12/2018","Sunday","All","All","All","$","228000000","54726000000"
"Imports","2018","17/08/2018","Friday","All","All","All","$","228000000","37908000000"
"Imports","2018","20/11/2018","Tuesday","All","All","All","$","228000000","56006000000"
"Exports","2018","27/11/2018","Tuesday","All","All","All","$","229000000","51431000000"
"Imports","2018","06/06/2018","Wednesday","All","All","All","$","230000000","24906000000"
"Imports","2018","13/09/2018","Thursday","All","All","All","$","231000000","42773000000"
"Exports","2018","10/10/2018","Wednesday","All","All","All","$","232000000","43857000000"
"Imports","2018","08/02/2018","Thursday","All","All","All","$","232000000","6114000000"
"Imports","2018","09/11/2018","Friday","All","All","All","$","232000000","54234000000"
"Imports","2018","10/12/2018","Monday","All","All","All","$","232000000","60100000000"
"Imports","2018","21/02/2018","Wednesday","All","All","All","$","233000000","8030000000"
"Imports","2018","23/10/2018","Tuesday","All","All","All","$","233000000","50633000000"
"Imports","2018","13/11/2018","Tuesday","All","All","All","$","233000000","54765000000"
"Exports","2018","04/06/2018","Monday","All","All","All","$","234000000","24516000000"
"Imports","2018","04/05/2018","Friday","All","All","All","$","235000000","19790000000"
"Imports","2018","17/12/2018","Monday","All","All","All","$","235000000","61338000000"
"Imports","2018","12/01/2018","Friday","All","All","All","$","236000000","1985000000"
"Imports","2018","06/07/2018","Friday","All","All","All","$","236000000","30474000000"
"Imports","2018","06/04/2018","Friday","All","All","All","$","237000000","15163000000"
"Imports","2018","14/05/2018","Monday","All","All","All","$","237000000","21105000000"
"Imports","2018","12/04/2018","Thursday","All","All","All","$","238000000","16043000000"
"Imports","2018","21/08/2018","Tuesday","All","All","All","$","238000000","38429000000"
"Imports","2018","26/09/2018","Wednesday","All","All","All","$","238000000","45621000000"
"Imports","2018","03/12/2018","Monday","All","All","All","$","238000000","58592000000"
"Exports","2018","11/03/2018","Sunday","All","All","All","$","239000000","10432000000"
"Imports","2018","18/06/2018","Monday","All","All","All","$","239000000","26993000000"
"Imports","2018","10/07/2018","Tuesday","All","All","All","$","239000000","31000000000"
"Imports","2018","14/11/2018","Wednesday","All","All","All","$","239000000","55004000000"
"Imports","2018","09/10/2018","Tuesday","All","All","All","$","240000000","48161000000"
"Exports","2018","06/11/2018","Tuesday","All","All","All","$","241000000","48058000000"
"Exports","2018","30/11/2018","Friday","All","All","All","$","241000000","51962000000"
"Exports","2018","19/03/2018","Monday","All","All","All","$","242000000","11684000000"
"Imports","2018","05/01/2018","Friday","All","All","All","$","242000000","774000000"
"Exports","2018","15/07/2018","Sunday","All","All","All","$","243000000","31230000000"
"Imports","2018","12/06/2018","Tuesday","All","All","All","$","243000000","25917000000"
"Imports","2018","05/07/2018","Thursday","All","All","All","$","243000000","30237000000"
"Imports","2018","16/07/2018","Monday","All","All","All","$","243000000","31979000000"
"Imports","2018","19/07/2018","Thursday","All","All","All","$","243000000","32648000000"
"Imports","2018","08/11/2018","Thursday","All","All","All","$","243000000","54002000000"
"Imports","2018","05/04/2018","Thursday","All","All","All","$","244000000","14927000000"
"Imports","2018","13/07/2018","Friday","All","All","All","$","244000000","31647000000"
"Imports","2018","19/10/2018","Friday","All","All","All","$","244000000","50255000000"
"Imports","2018","11/12/2018","Tuesday","All","All","All","$","245000000","60345000000"
"Imports","2018","27/09/2018","Thursday","All","All","All","$","246000000","45867000000"
"Imports","2018","21/05/2018","Monday","All","All","All","$","247000000","22191000000"
"Imports","2018","16/08/2018","Thursday","All","All","All","$","247000000","37679000000"
"Exports","2018","27/07/2018","Friday","All","All","All","$","248000000","33216000000"
"Imports","2018","12/10/2018","Friday","All","All","All","$","248000000","48961000000"
"Imports","2018","17/10/2018","Wednesday","All","All","All","$","249000000","49739000000"
"Imports","2018","30/07/2018","Monday","All","All","All","$","250000000","34559000000"
"Imports","2018","21/12/2018","Friday","All","All","All","$","250000000","62410000000"
"Exports","2018","14/05/2018","Monday","All","All","All","$","251000000","20892000000"
"Imports","2018","27/08/2018","Monday","All","All","All","$","251000000","39391000000"
"Imports","2018","07/09/2018","Friday","All","All","All","$","251000000","41714000000"
"Imports","2018","25/10/2018","Thursday","All","All","All","$","251000000","51173000000"
"Imports","2018","28/03/2018","Wednesday","All","All","All","$","253000000","13726000000"
"Exports","2018","16/04/2018","Monday","All","All","All","$","254000000","16009000000"
"Imports","2018","17/04/2018","Tuesday","All","All","All","$","254000000","16789000000"
"Imports","2018","04/09/2018","Tuesday","All","All","All","$","254000000","40969000000"
"Exports","2018","10/06/2018","Sunday","All","All","All","$","255000000","25402000000"
"Imports","2018","12/09/2018","Wednesday","All","All","All","$","255000000","42542000000"
"Imports","2018","06/11/2018","Tuesday","All","All","All","$","255000000","53571000000"
"Exports","2018","12/02/2018","Monday","All","All","All","$","256000000","6155000000"
"Exports","2018","25/06/2018","Monday","All","All","All","$","256000000","27931000000"
"Imports","2018","16/01/2018","Tuesday","All","All","All","$","256000000","2515000000"
"Imports","2018","02/11/2018","Friday","All","All","All","$","256000000","52961000000"
"Imports","2018","15/11/2018","Thursday","All","All","All","$","257000000","55261000000"
"Imports","2018","01/10/2018","Monday","All","All","All","$","258000000","46395000000"
"Imports","2018","30/10/2018","Tuesday","All","All","All","$","258000000","52106000000"
"Exports","2018","09/04/2018","Monday","All","All","All","$","259000000","15005000000"
"Imports","2018","10/09/2018","Monday","All","All","All","$","259000000","42060000000"
"Exports","2018","26/02/2018","Monday","All","All","All","$","260000000","8427000000"
"Imports","2018","01/02/2018","Thursday","All","All","All","$","260000000","5198000000"
"Imports","2018","09/03/2018","Friday","All","All","All","$","260000000","10765000000"
"Imports","2018","30/04/2018","Monday","All","All","All","$","260000000","18909000000"
"Exports","2018","13/11/2018","Tuesday","All","All","All","$","261000000","49085000000"
"Imports","2018","26/06/2018","Tuesday","All","All","All","$","261000000","28389000000"
"Imports","2018","12/12/2018","Wednesday","All","All","All","$","262000000","60607000000"
"Exports","2018","29/01/2018","Monday","All","All","All","$","263000000","3923000000"
"Exports","2018","22/12/2018","Saturday","All","All","All","$","263000000","55979000000"
"Imports","2018","02/07/2018","Monday","All","All","All","$","263000000","29591000000"
"Imports","2018","27/12/2018","Thursday","All","All","All","$","264000000","63000000000"
"Exports","2018","23/07/2018","Monday","All","All","All","$","266000000","32594000000"
"Imports","2018","27/04/2018","Friday","All","All","All","$","266000000","18591000000"
"Exports","2018","22/01/2018","Monday","All","All","All","$","267000000","2856000000"
"Imports","2018","22/11/2018","Thursday","All","All","All","$","267000000","56579000000"
"Exports","2018","20/12/2018","Thursday","All","All","All","$","268000000","55500000000"
"Exports","2018","30/04/2018","Monday","All","All","All","$","269000000","18484000000"
"Imports","2018","03/10/2018","Wednesday","All","All","All","$","269000000","46968000000"
"Exports","2018","07/05/2018","Monday","All","All","All","$","270000000","19696000000"
"Imports","2018","21/06/2018","Thursday","All","All","All","$","270000000","27656000000"
"Imports","2018","29/10/2018","Monday","All","All","All","$","270000000","51848000000"
"Imports","2018","18/12/2018","Tuesday","All","All","All","$","270000000","61609000000"
"Imports","2018","07/06/2018","Thursday","All","All","All","$","271000000","25177000000"
"Imports","2018","13/06/2018","Wednesday","All","All","All","$","271000000","26189000000"
"Exports","2018","31/01/2018","Wednesday","All","All","All","$","272000000","4275000000"
"Exports","2018","12/03/2018","Monday","All","All","All","$","272000000","10704000000"
"Exports","2018","30/10/2018","Tuesday","All","All","All","$","272000000","46967000000"
"Imports","2018","09/08/2018","Thursday","All","All","All","$","272000000","36433000000"
"Imports","2018","18/10/2018","Thursday","All","All","All","$","272000000","50011000000"
"Imports","2018","01/06/2018","Friday","All","All","All","$","273000000","24332000000"
"Imports","2018","28/06/2018","Thursday","All","All","All","$","273000000","28856000000"
"Imports","2018","01/05/2018","Tuesday","All","All","All","$","274000000","19182000000"
"Imports","2018","23/07/2018","Monday","All","All","All","$","274000000","33188000000"
"Exports","2018","11/06/2018","Monday","All","All","All","$","275000000","25677000000"
"Imports","2018","04/10/2018","Thursday","All","All","All","$","275000000","47243000000"
"Imports","2018","18/01/2018","Thursday","All","All","All","$","276000000","2999000000"
"Exports","2018","19/02/2018","Monday","All","All","All","$","277000000","7211000000"
"Imports","2018","06/09/2018","Thursday","All","All","All","$","277000000","41464000000"
"Exports","2018","05/03/2018","Monday","All","All","All","$","280000000","9559000000"
"Imports","2018","18/09/2018","Tuesday","All","All","All","$","280000000","43883000000"
"Imports","2018","20/09/2018","Thursday","All","All","All","$","280000000","44562000000"
"Imports","2018","05/11/2018","Monday","All","All","All","$","281000000","53316000000"
"Exports","2018","18/06/2018","Monday","All","All","All","$","282000000","26892000000"
"Imports","2018","23/11/2018","Friday","All","All","All","$","282000000","56860000000"
"Exports","2018","28/05/2018","Monday","All","All","All","$","289000000","23303000000"
"Imports","2018","23/02/2018","Friday","All","All","All","$","289000000","8530000000"
"Imports","2018","24/10/2018","Wednesday","All","All","All","$","289000000","50922000000"
"Imports","2018","05/12/2018","Wednesday","All","All","All","$","290000000","59215000000"
"Exports","2018","15/01/2018","Monday","All","All","All","$","291000000","1738000000"
"Imports","2018","14/06/2018","Thursday","All","All","All","$","291000000","26480000000"
"Imports","2018","14/08/2018","Tuesday","All","All","All","$","291000000","37211000000"
"Imports","2018","01/03/2018","Thursday","All","All","All","$","294000000","9488000000"
"Exports","2018","20/09/2018","Thursday","All","All","All","$","296000000","40807000000"
"Imports","2018","01/08/2018","Wednesday","All","All","All","$","296000000","35059000000"
"Imports","2018","21/09/2018","Friday","All","All","All","$","298000000","44859000000"
"Exports","2018","09/07/2018","Monday","All","All","All","$","300000000","30300000000"
"Imports","2018","08/01/2018","Monday","All","All","All","$","301000000","1132000000"
"Imports","2018","23/05/2018","Wednesday","All","All","All","$","303000000","22708000000"
"Imports","2018","02/10/2018","Tuesday","All","All","All","$","305000000","46700000000"
"Imports","2018","21/11/2018","Wednesday","All","All","All","$","306000000","56312000000"
"Exports","2018","31/12/2018","Monday","All","All","All","$","307000000","57251000000"
"Exports","2018","23/04/2018","Monday","All","All","All","$","308000000","17291000000"
"Imports","2018","06/12/2018","Thursday","All","All","All","$","309000000","59524000000"
"Imports","2018","27/03/2018","Tuesday","All","All","All","$","311000000","13473000000"
"Imports","2018","25/01/2018","Thursday","All","All","All","$","314000000","4192000000"
"Exports","2018","16/07/2018","Monday","All","All","All","$","315000000","31545000000"
"Exports","2018","02/12/2018","Sunday","All","All","All","$","315000000","52441000000"
"Imports","2018","22/03/2018","Thursday","All","All","All","$","315000000","12707000000"
"Exports","2018","26/03/2018","Monday","All","All","All","$","318000000","12755000000"
"Imports","2018","29/03/2018","Thursday","All","All","All","$","320000000","14046000000"
"Imports","2018","26/04/2018","Thursday","All","All","All","$","320000000","18325000000"
"Imports","2018","23/04/2018","Monday","All","All","All","$","321000000","17746000000"
"Imports","2018","28/05/2018","Monday","All","All","All","$","323000000","23496000000"
"Exports","2018","30/07/2018","Monday","All","All","All","$","325000000","33821000000"
"Imports","2018","29/06/2018","Friday","All","All","All","$","327000000","29183000000"
"Imports","2018","26/10/2018","Friday","All","All","All","$","328000000","51500000000"
"Exports","2018","20/11/2018","Tuesday","All","All","All","$","329000000","50353000000"
"Imports","2018","10/10/2018","Wednesday","All","All","All","$","329000000","48490000000"
"Exports","2018","02/07/2018","Monday","All","All","All","$","330000000","29234000000"
"Imports","2018","04/12/2018","Tuesday","All","All","All","$","333000000","58924000000"
"Imports","2018","20/12/2018","Thursday","All","All","All","$","334000000","62160000000"
"Exports","2018","21/05/2018","Monday","All","All","All","$","335000000","22167000000"
"Imports","2018","28/08/2018","Tuesday","All","All","All","$","360000000","39752000000"
"Imports","2018","08/10/2018","Monday","All","All","All","$","367000000","47921000000"
"Imports","2018","19/09/2018","Wednesday","All","All","All","$","398000000","44281000000"
"Imports","2018","26/07/2018","Thursday","All","All","All","$","399000000","34025000000"
"Imports","2018","27/11/2018","Tuesday","All","All","All","$","416000000","57568000000"
"Imports","2018","01/11/2018","Thursday","All","All","All","$","434000000","52705000000"
"Imports","2018","14/09/2018","Friday","All","All","All","$","523000000","43296000000"
